<?xml version="1.0" encoding="utf-8"?>
<doctrine-mapping xmlns="http://doctrine-project.org/schemas/orm/doctrine-mapping" xmlns:xsi="http://www.w3.org/2001/XMLSchema-instance" xsi:schemaLocation="http://doctrine-project.org/schemas/orm/doctrine-mapping http://doctrine-project.org/schemas/orm/doctrine-mapping.xsd">
  <entity name="LUCIE\RadiusBundle\Entity\BillingMerchant" table="billing_merchant">
    <indexes>
      <index name="username" columns="username"/>
    </indexes>
    <id name="id" type="integer" column="id">
      <generator strategy="IDENTITY"/>
    </id>
    <field name="username" type="string" column="username" length="128" nullable="false">
      <options>
        <option name="fixed"/>
        <option name="default"/>
      </options>
    </field>
    <field name="password" type="string" column="password" length="128" nullable="false">
      <options>
        <option name="fixed"/>
        <option name="default"/>
      </options>
    </field>
    <field name="mac" type="string" column="mac" length="200" nullable="false">
      <options>
        <option name="fixed"/>
        <option name="default"/>
      </options>
    </field>
    <field name="pin" type="string" column="pin" length="200" nullable="false">
      <options>
        <option name="fixed"/>
        <option name="default"/>
      </options>
    </field>
    <field name="txnid" type="string" column="txnId" length="200" nullable="false">
      <options>
        <option name="fixed"/>
        <option name="default"/>
      </options>
    </field>
    <field name="planname" type="string" column="planName" length="128" nullable="false">
      <options>
        <option name="fixed"/>
        <option name="default"/>
      </options>
    </field>
    <field name="planid" type="integer" column="planId" nullable="false">
      <options>
        <option name="unsigned"/>
      </options>
    </field>
    <field name="quantity" type="string" column="quantity" length="200" nullable="false">
      <options>
        <option name="fixed"/>
        <option name="default"/>
      </options>
    </field>
    <field name="businessEmail" type="string" column="business_email" length="200" nullable="false">
      <options>
        <option name="fixed"/>
        <option name="default"/>
      </options>
    </field>
    <field name="businessId" type="string" column="business_id" length="200" nullable="false">
      <options>
        <option name="fixed"/>
        <option name="default"/>
      </options>
    </field>
    <field name="txnType" type="string" column="txn_type" length="200" nullable="false">
      <options>
        <option name="fixed"/>
        <option name="default"/>
      </options>
    </field>
    <field name="txnId" type="string" column="txn_id" length="200" nullable="false">
      <options>
        <option name="fixed"/>
        <option name="default"/>
      </options>
    </field>
    <field name="paymentType" type="string" column="payment_type" length="200" nullable="false">
      <options>
        <option name="fixed"/>
        <option name="default"/>
      </options>
    </field>
    <field name="paymentTax" type="string" column="payment_tax" length="200" nullable="false">
      <options>
        <option name="fixed"/>
        <option name="default"/>
      </options>
    </field>
    <field name="paymentCost" type="string" column="payment_cost" length="200" nullable="false">
      <options>
        <option name="fixed"/>
        <option name="default"/>
      </options>
    </field>
    <field name="paymentFee" type="string" column="payment_fee" length="200" nullable="false">
      <options>
        <option name="fixed"/>
        <option name="default"/>
      </options>
    </field>
    <field name="paymentTotal" type="string" column="payment_total" length="200" nullable="false">
      <options>
        <option name="fixed"/>
        <option name="default"/>
      </options>
    </field>
    <field name="paymentCurrency" type="string" column="payment_currency" length="200" nullable="false">
      <options>
        <option name="fixed"/>
        <option name="default"/>
      </options>
    </field>
    <field name="firstName" type="string" column="first_name" length="200" nullable="false">
      <options>
        <option name="fixed"/>
        <option name="default"/>
      </options>
    </field>
    <field name="lastName" type="string" column="last_name" length="200" nullable="false">
      <options>
        <option name="fixed"/>
        <option name="default"/>
      </options>
    </field>
    <field name="payerEmail" type="string" column="payer_email" length="200" nullable="false">
      <options>
        <option name="fixed"/>
        <option name="default"/>
      </options>
    </field>
    <field name="payerAddressName" type="string" column="payer_address_name" length="200" nullable="false">
      <options>
        <option name="fixed"/>
        <option name="default"/>
      </options>
    </field>
    <field name="payerAddressStreet" type="string" column="payer_address_street" length="200" nullable="false">
      <options>
        <option name="fixed"/>
        <option name="default"/>
      </options>
    </field>
    <field name="payerAddressCountry" type="string" column="payer_address_country" length="200" nullable="false">
      <options>
        <option name="fixed"/>
        <option name="default"/>
      </options>
    </field>
    <field name="payerAddressCountryCode" type="string" column="payer_address_country_code" length="200" nullable="false">
      <options>
        <option name="fixed"/>
        <option name="default"/>
      </options>
    </field>
    <field name="payerAddressCity" type="string" column="payer_address_city" length="200" nullable="false">
      <options>
        <option name="fixed"/>
        <option name="default"/>
      </options>
    </field>
    <field name="payerAddressState" type="string" column="payer_address_state" length="200" nullable="false">
      <options>
        <option name="fixed"/>
        <option name="default"/>
      </options>
    </field>
    <field name="payerAddressZip" type="string" column="payer_address_zip" length="200" nullable="false">
      <options>
        <option name="fixed"/>
        <option name="default"/>
      </options>
    </field>
    <field name="paymentDate" type="datetime" column="payment_date" nullable="false">
      <options>
        <option name="default">1999-10-10 10:10:10</option>
      </options>
    </field>
    <field name="paymentStatus" type="string" column="payment_status" length="200" nullable="false">
      <options>
        <option name="fixed"/>
        <option name="default"/>
      </options>
    </field>
    <field name="pendingReason" type="string" column="pending_reason" length="200" nullable="false">
      <options>
        <option name="fixed"/>
        <option name="default"/>
      </options>
    </field>
    <field name="reasonCode" type="string" column="reason_code" length="200" nullable="false">
      <options>
        <option name="fixed"/>
        <option name="default"/>
      </options>
    </field>
    <field name="receiptId" type="string" column="receipt_ID" length="200" nullable="false">
      <options>
        <option name="fixed"/>
        <option name="default"/>
      </options>
    </field>
    <field name="paymentAddressStatus" type="string" column="payment_address_status" length="200" nullable="false">
      <options>
        <option name="fixed"/>
        <option name="default"/>
      </options>
    </field>
    <field name="vendorType" type="string" column="vendor_type" length="200" nullable="false">
      <options>
        <option name="fixed"/>
        <option name="default"/>
      </options>
    </field>
    <field name="payerStatus" type="string" column="payer_status" length="200" nullable="false">
      <options>
        <option name="fixed"/>
        <option name="default"/>
      </options>
    </field>
  </entity>
</doctrine-mapping>
