<?xml version="1.0" encoding="utf-8"?>
<doctrine-mapping xmlns="http://doctrine-project.org/schemas/orm/doctrine-mapping" xmlns:xsi="http://www.w3.org/2001/XMLSchema-instance" xsi:schemaLocation="http://doctrine-project.org/schemas/orm/doctrine-mapping http://doctrine-project.org/schemas/orm/doctrine-mapping.xsd">
  <entity name="LUCIE\RadiusBundle\Entity\BillingPaypal" table="billing_paypal">
    <indexes>
      <index name="username" columns="username"/>
    </indexes>
    <id name="id" type="integer" column="id">
      <generator strategy="IDENTITY"/>
    </id>
    <field name="username" type="string" column="username" length="128" nullable="true">
      <options>
        <option name="fixed"/>
      </options>
    </field>
    <field name="password" type="string" column="password" length="128" nullable="true">
      <options>
        <option name="fixed"/>
      </options>
    </field>
    <field name="mac" type="string" column="mac" length="200" nullable="true">
      <options>
        <option name="fixed"/>
      </options>
    </field>
    <field name="pin" type="string" column="pin" length="200" nullable="true">
      <options>
        <option name="fixed"/>
      </options>
    </field>
    <field name="txnid" type="string" column="txnId" length="200" nullable="true">
      <options>
        <option name="fixed"/>
      </options>
    </field>
    <field name="planname" type="string" column="planName" length="128" nullable="true">
      <options>
        <option name="fixed"/>
      </options>
    </field>
    <field name="planid" type="string" column="planId" length="200" nullable="true">
      <options>
        <option name="fixed"/>
      </options>
    </field>
    <field name="quantity" type="string" column="quantity" length="200" nullable="true">
      <options>
        <option name="fixed"/>
      </options>
    </field>
    <field name="receiverEmail" type="string" column="receiver_email" length="200" nullable="true">
      <options>
        <option name="fixed"/>
      </options>
    </field>
    <field name="business" type="string" column="business" length="200" nullable="true">
      <options>
        <option name="fixed"/>
      </options>
    </field>
    <field name="tax" type="string" column="tax" length="200" nullable="true">
      <options>
        <option name="fixed"/>
      </options>
    </field>
    <field name="mcGross" type="string" column="mc_gross" length="200" nullable="true">
      <options>
        <option name="fixed"/>
      </options>
    </field>
    <field name="mcFee" type="string" column="mc_fee" length="200" nullable="true">
      <options>
        <option name="fixed"/>
      </options>
    </field>
    <field name="mcCurrency" type="string" column="mc_currency" length="200" nullable="true">
      <options>
        <option name="fixed"/>
      </options>
    </field>
    <field name="firstName" type="string" column="first_name" length="200" nullable="true">
      <options>
        <option name="fixed"/>
      </options>
    </field>
    <field name="lastName" type="string" column="last_name" length="200" nullable="true">
      <options>
        <option name="fixed"/>
      </options>
    </field>
    <field name="payerEmail" type="string" column="payer_email" length="200" nullable="true">
      <options>
        <option name="fixed"/>
      </options>
    </field>
    <field name="addressName" type="string" column="address_name" length="200" nullable="true">
      <options>
        <option name="fixed"/>
      </options>
    </field>
    <field name="addressStreet" type="string" column="address_street" length="200" nullable="true">
      <options>
        <option name="fixed"/>
      </options>
    </field>
    <field name="addressCountry" type="string" column="address_country" length="200" nullable="true">
      <options>
        <option name="fixed"/>
      </options>
    </field>
    <field name="addressCountryCode" type="string" column="address_country_code" length="200" nullable="true">
      <options>
        <option name="fixed"/>
      </options>
    </field>
    <field name="addressCity" type="string" column="address_city" length="200" nullable="true">
      <options>
        <option name="fixed"/>
      </options>
    </field>
    <field name="addressState" type="string" column="address_state" length="200" nullable="true">
      <options>
        <option name="fixed"/>
      </options>
    </field>
    <field name="addressZip" type="string" column="address_zip" length="200" nullable="true">
      <options>
        <option name="fixed"/>
      </options>
    </field>
    <field name="paymentDate" type="datetime" column="payment_date" nullable="true"/>
    <field name="paymentStatus" type="string" column="payment_status" length="200" nullable="true">
      <options>
        <option name="fixed"/>
      </options>
    </field>
    <field name="paymentAddressStatus" type="string" column="payment_address_status" length="200" nullable="true">
      <options>
        <option name="fixed"/>
      </options>
    </field>
    <field name="payerStatus" type="string" column="payer_status" length="200" nullable="true">
      <options>
        <option name="fixed"/>
      </options>
    </field>
  </entity>
</doctrine-mapping>
