<?xml version="1.0" encoding="utf-8"?>
<doctrine-mapping xmlns="http://doctrine-project.org/schemas/orm/doctrine-mapping" xmlns:xsi="http://www.w3.org/2001/XMLSchema-instance" xsi:schemaLocation="http://doctrine-project.org/schemas/orm/doctrine-mapping http://doctrine-project.org/schemas/orm/doctrine-mapping.xsd">
  <entity name="LUCIE\RadiusBundle\Entity\Cui" table="cui">
    <id name="username" type="string" column="username" length="64"/>
    <id name="clientipaddress" type="string" column="clientipaddress" length="15"/>
    <id name="callingstationid" type="string" column="callingstationid" length="50"/>
    <field name="cui" type="string" column="cui" length="32" nullable="false">
      <options>
        <option name="fixed"/>
        <option name="default"/>
      </options>
    </field>
    <field name="creationdate" type="datetime" column="creationdate" nullable="false">
      <options>
        <option name="default">CURRENT_TIMESTAMP</option>
      </options>
    </field>
    <field name="lastaccounting" type="datetime" column="lastaccounting" nullable="false">
      <options>
        <option name="default">1999-10-10 10:10:10</option>
      </options>
    </field>
  </entity>
</doctrine-mapping>
