<?xml version="1.0" encoding="utf-8"?>
<doctrine-mapping xmlns="http://doctrine-project.org/schemas/orm/doctrine-mapping" xmlns:xsi="http://www.w3.org/2001/XMLSchema-instance" xsi:schemaLocation="http://doctrine-project.org/schemas/orm/doctrine-mapping http://doctrine-project.org/schemas/orm/doctrine-mapping.xsd">
  <entity name="LUCIE\RadiusBundle\Entity\Dictionary" table="dictionary">
    <id name="id" type="integer" column="id">
      <generator strategy="IDENTITY"/>
    </id>
    <field name="type" type="string" column="Type" length="30" nullable="true">
      <options>
        <option name="fixed"/>
      </options>
    </field>
    <field name="attribute" type="string" column="Attribute" length="64" nullable="true">
      <options>
        <option name="fixed"/>
      </options>
    </field>
    <field name="value" type="string" column="Value" length="64" nullable="true">
      <options>
        <option name="fixed"/>
      </options>
    </field>
    <field name="format" type="string" column="Format" length="20" nullable="true">
      <options>
        <option name="fixed"/>
      </options>
    </field>
    <field name="vendor" type="string" column="Vendor" length="32" nullable="true">
      <options>
        <option name="fixed"/>
      </options>
    </field>
    <field name="recommendedop" type="string" column="RecommendedOP" length="32" nullable="true">
      <options>
        <option name="fixed"/>
      </options>
    </field>
    <field name="recommendedtable" type="string" column="RecommendedTable" length="32" nullable="true">
      <options>
        <option name="fixed"/>
      </options>
    </field>
    <field name="recommendedhelper" type="string" column="RecommendedHelper" length="32" nullable="true">
      <options>
        <option name="fixed"/>
      </options>
    </field>
    <field name="recommendedtooltip" type="string" column="RecommendedTooltip" length="512" nullable="true">
      <options>
        <option name="fixed"/>
      </options>
    </field>
  </entity>
</doctrine-mapping>
