<?xml version="1.0" encoding="utf-8"?>
<doctrine-mapping xmlns="http://doctrine-project.org/schemas/orm/doctrine-mapping" xmlns:xsi="http://www.w3.org/2001/XMLSchema-instance" xsi:schemaLocation="http://doctrine-project.org/schemas/orm/doctrine-mapping http://doctrine-project.org/schemas/orm/doctrine-mapping.xsd">
  <entity name="LUCIE\RadiusBundle\Entity\InvoiceItems" table="invoice_items">
    <id name="id" type="integer" column="id">
      <generator strategy="IDENTITY"/>
    </id>
    <field name="invoiceId" type="integer" column="invoice_id" nullable="false">
      <options>
        <option name="unsigned"/>
        <option name="comment">invoice id of the invoices table</option>
      </options>
    </field>
    <field name="planId" type="integer" column="plan_id" nullable="true">
      <options>
        <option name="unsigned"/>
        <option name="comment">the plan_id of the billing_plans table</option>
      </options>
    </field>
    <field name="amount" type="decimal" column="amount" precision="10" scale="2" nullable="false">
      <options>
        <option name="comment">the amount cost of an item</option>
        <option name="default">0.00</option>
      </options>
    </field>
    <field name="taxAmount" type="decimal" column="tax_amount" precision="10" scale="2" nullable="false">
      <options>
        <option name="comment">the tax amount for an item</option>
        <option name="default">0.00</option>
      </options>
    </field>
    <field name="total" type="decimal" column="total" precision="10" scale="2" nullable="false">
      <options>
        <option name="comment">the total amount</option>
        <option name="default">0.00</option>
      </options>
    </field>
    <field name="notes" type="string" column="notes" length="128" nullable="false">
      <options>
        <option name="fixed"/>
        <option name="comment">general notes/description</option>
      </options>
    </field>
    <field name="creationdate" type="datetime" column="creationdate" nullable="true">
      <options>
        <option name="default">1999-10-10 10:10:10</option>
      </options>
    </field>
    <field name="creationby" type="string" column="creationby" length="128" nullable="true">
      <options>
        <option name="fixed"/>
      </options>
    </field>
    <field name="updatedate" type="datetime" column="updatedate" nullable="true">
      <options>
        <option name="default">1999-10-10 10:10:10</option>
      </options>
    </field>
    <field name="updateby" type="string" column="updateby" length="128" nullable="true">
      <options>
        <option name="fixed"/>
      </options>
    </field>
  </entity>
</doctrine-mapping>
