<?xml version="1.0" encoding="utf-8"?>
<doctrine-mapping xmlns="http://doctrine-project.org/schemas/orm/doctrine-mapping" xmlns:xsi="http://www.w3.org/2001/XMLSchema-instance" xsi:schemaLocation="http://doctrine-project.org/schemas/orm/doctrine-mapping http://doctrine-project.org/schemas/orm/doctrine-mapping.xsd">
  <entity name="LUCIE\RadiusBundle\Entity\Nas" table="nas">
    <indexes>
      <index name="nasname" columns="nasname"/>
    </indexes>
    <id name="id" type="integer" column="id">
      <generator strategy="IDENTITY"/>
    </id>
    <field name="nasname" type="string" column="nasname" length="128" nullable="false">
      <options>
        <option name="fixed"/>
      </options>
    </field>
    <field name="shortname" type="string" column="shortname" length="32" nullable="true">
      <options>
        <option name="fixed"/>
      </options>
    </field>
    <field name="type" type="string" column="type" length="30" nullable="true">
      <options>
        <option name="fixed"/>
        <option name="default">other</option>
      </options>
    </field>
    <field name="ports" type="integer" column="ports" nullable="true">
      <options>
        <option name="unsigned"/>
      </options>
    </field>
    <field name="secret" type="string" column="secret" length="60" nullable="false">
      <options>
        <option name="fixed"/>
        <option name="default">secret</option>
      </options>
    </field>
    <field name="server" type="string" column="server" length="64" nullable="true">
      <options>
        <option name="fixed"/>
      </options>
    </field>
    <field name="community" type="string" column="community" length="50" nullable="true">
      <options>
        <option name="fixed"/>
      </options>
    </field>
    <field name="description" type="string" column="description" length="200" nullable="true">
      <options>
        <option name="fixed"/>
        <option name="default">RADIUS Client</option>
      </options>
    </field>
  </entity>
</doctrine-mapping>
