<?xml version="1.0" encoding="utf-8"?>
<doctrine-mapping xmlns="http://doctrine-project.org/schemas/orm/doctrine-mapping" xmlns:xsi="http://www.w3.org/2001/XMLSchema-instance" xsi:schemaLocation="http://doctrine-project.org/schemas/orm/doctrine-mapping http://doctrine-project.org/schemas/orm/doctrine-mapping.xsd">
  <entity name="LUCIE\RadiusBundle\Entity\OperatorsAclFiles" table="operators_acl_files">
    <id name="id" type="integer" column="id">
      <generator strategy="IDENTITY"/>
    </id>
    <field name="file" type="string" column="file" length="128" nullable="false">
      <options>
        <option name="fixed"/>
      </options>
    </field>
    <field name="category" type="string" column="category" length="128" nullable="false">
      <options>
        <option name="fixed"/>
      </options>
    </field>
    <field name="section" type="string" column="section" length="128" nullable="false">
      <options>
        <option name="fixed"/>
      </options>
    </field>
  </entity>
</doctrine-mapping>
