<?xml version="1.0" encoding="utf-8"?>
<doctrine-mapping xmlns="http://doctrine-project.org/schemas/orm/doctrine-mapping" xmlns:xsi="http://www.w3.org/2001/XMLSchema-instance" xsi:schemaLocation="http://doctrine-project.org/schemas/orm/doctrine-mapping http://doctrine-project.org/schemas/orm/doctrine-mapping.xsd">
  <entity name="LUCIE\RadiusBundle\Entity\OperatorsAcl" table="operators_acl">
    <id name="id" type="integer" column="id">
      <generator strategy="IDENTITY"/>
    </id>
    <field name="operatorId" type="integer" column="operator_id" nullable="false">
      <options>
        <option name="unsigned"/>
      </options>
    </field>
    <field name="file" type="string" column="file" length="128" nullable="false">
      <options>
        <option name="fixed"/>
      </options>
    </field>
    <field name="access" type="boolean" column="access" nullable="false">
      <options>
        <option name="default">0</option>
      </options>
    </field>
  </entity>
</doctrine-mapping>
