<?xml version="1.0" encoding="utf-8"?>
<doctrine-mapping xmlns="http://doctrine-project.org/schemas/orm/doctrine-mapping" xmlns:xsi="http://www.w3.org/2001/XMLSchema-instance" xsi:schemaLocation="http://doctrine-project.org/schemas/orm/doctrine-mapping http://doctrine-project.org/schemas/orm/doctrine-mapping.xsd">
  <entity name="LUCIE\RadiusBundle\Entity\Radippool" table="radippool">
    <indexes>
      <index name="radippool_poolname_expire" columns="pool_name,expiry_time"/>
      <index name="framedipaddress" columns="framedipaddress"/>
      <index name="radippool_nasip_poolkey_ipaddress" columns="nasipaddress,pool_key,framedipaddress"/>
    </indexes>
    <id name="id" type="integer" column="id">
      <generator strategy="IDENTITY"/>
    </id>
    <field name="poolName" type="string" column="pool_name" length="30" nullable="false">
      <options>
        <option name="fixed"/>
      </options>
    </field>
    <field name="framedipaddress" type="string" column="framedipaddress" length="15" nullable="false">
      <options>
        <option name="fixed"/>
        <option name="default"/>
      </options>
    </field>
    <field name="nasipaddress" type="string" column="nasipaddress" length="15" nullable="false">
      <options>
        <option name="fixed"/>
        <option name="default"/>
      </options>
    </field>
    <field name="calledstationid" type="string" column="calledstationid" length="30" nullable="false">
      <options>
        <option name="fixed"/>
      </options>
    </field>
    <field name="callingstationid" type="string" column="callingstationid" length="30" nullable="false">
      <options>
        <option name="fixed"/>
      </options>
    </field>
    <field name="expiryTime" type="datetime" column="expiry_time" nullable="true"/>
    <field name="username" type="string" column="username" length="64" nullable="false">
      <options>
        <option name="fixed"/>
        <option name="default"/>
      </options>
    </field>
    <field name="poolKey" type="string" column="pool_key" length="30" nullable="false">
      <options>
        <option name="fixed"/>
      </options>
    </field>
  </entity>
</doctrine-mapping>
