<?xml version="1.0" encoding="utf-8"?>
<doctrine-mapping xmlns="http://doctrine-project.org/schemas/orm/doctrine-mapping" xmlns:xsi="http://www.w3.org/2001/XMLSchema-instance" xsi:schemaLocation="http://doctrine-project.org/schemas/orm/doctrine-mapping http://doctrine-project.org/schemas/orm/doctrine-mapping.xsd">
  <entity name="LUCIE\RadiusBundle\Entity\Radreply" table="radreply">
    <indexes>
      <index name="username" columns="username"/>
    </indexes>
    <id name="id" type="integer" column="id">
      <generator strategy="IDENTITY"/>
    </id>
    <field name="username" type="string" column="username" length="64" nullable="false">
      <options>
        <option name="fixed"/>
        <option name="default"/>
      </options>
    </field>
    <field name="attribute" type="string" column="attribute" length="64" nullable="false">
      <options>
        <option name="fixed"/>
        <option name="default"/>
      </options>
    </field>
    <field name="op" type="string" column="op" length="2" nullable="false">
      <options>
        <option name="fixed">1</option>
        <option name="default">=</option>
      </options>
    </field>
    <field name="value" type="string" column="value" length="253" nullable="false">
      <options>
        <option name="fixed"/>
        <option name="default"/>
      </options>
    </field>
  </entity>
</doctrine-mapping>
