<?xml version="1.0" encoding="utf-8"?>
<doctrine-mapping xmlns="http://doctrine-project.org/schemas/orm/doctrine-mapping" xmlns:xsi="http://www.w3.org/2001/XMLSchema-instance" xsi:schemaLocation="http://doctrine-project.org/schemas/orm/doctrine-mapping http://doctrine-project.org/schemas/orm/doctrine-mapping.xsd">
  <entity name="LUCIE\RadiusBundle\Entity\Radusergroup" table="radusergroup">
    <indexes>
      <index name="username" columns="username"/>
    </indexes>
     <id name="username" type="string" column="username" />
     <id name="groupname" type="string" column="groupname"/>     
    <field name="priority" type="integer" column="priority" nullable="false">
      <options>
        <option name="unsigned"/>
        <option name="default">1</option>
      </options>
    </field>
  </entity>
</doctrine-mapping>
