<?xml version="1.0" encoding="utf-8"?>
<doctrine-mapping xmlns="http://doctrine-project.org/schemas/orm/doctrine-mapping" xmlns:xsi="http://www.w3.org/2001/XMLSchema-instance" xsi:schemaLocation="http://doctrine-project.org/schemas/orm/doctrine-mapping http://doctrine-project.org/schemas/orm/doctrine-mapping.xsd">
  <entity name="LUCIE\RadiusBundle\Entity\Userbillinfo" table="userbillinfo">
    <indexes>
      <index name="username" columns="username"/>
      <index name="planname" columns="planName"/>
    </indexes>
    <id name="id" type="integer" column="id">
      <generator strategy="IDENTITY"/>
    </id>
    <field name="username" type="string" column="username" length="128" nullable="true">
      <options>
        <option name="fixed"/>
      </options>
    </field>
    <field name="planname" type="string" column="planName" length="128" nullable="true">
      <options>
        <option name="fixed"/>
      </options>
    </field>
    <field name="hotspotId" type="integer" column="hotspot_id" nullable="true">
      <options>
        <option name="unsigned"/>
      </options>
    </field>
    <field name="hotspotlocation" type="string" column="hotspotlocation" length="32" nullable="true">
      <options>
        <option name="fixed"/>
      </options>
    </field>
    <field name="contactperson" type="string" column="contactperson" length="200" nullable="true">
      <options>
        <option name="fixed"/>
      </options>
    </field>
    <field name="company" type="string" column="company" length="200" nullable="true">
      <options>
        <option name="fixed"/>
      </options>
    </field>
    <field name="email" type="string" column="email" length="200" nullable="true">
      <options>
        <option name="fixed"/>
      </options>
    </field>
    <field name="phone" type="string" column="phone" length="200" nullable="true">
      <options>
        <option name="fixed"/>
      </options>
    </field>
    <field name="address" type="string" column="address" length="200" nullable="true">
      <options>
        <option name="fixed"/>
      </options>
    </field>
    <field name="city" type="string" column="city" length="200" nullable="true">
      <options>
        <option name="fixed"/>
      </options>
    </field>
    <field name="state" type="string" column="state" length="200" nullable="true">
      <options>
        <option name="fixed"/>
      </options>
    </field>
    <field name="country" type="string" column="country" length="100" nullable="true">
      <options>
        <option name="fixed"/>
      </options>
    </field>
    <field name="zip" type="string" column="zip" length="200" nullable="true">
      <options>
        <option name="fixed"/>
      </options>
    </field>
    <field name="paymentmethod" type="string" column="paymentmethod" length="200" nullable="true">
      <options>
        <option name="fixed"/>
      </options>
    </field>
    <field name="cash" type="string" column="cash" length="200" nullable="true">
      <options>
        <option name="fixed"/>
      </options>
    </field>
    <field name="creditcardname" type="string" column="creditcardname" length="200" nullable="true">
      <options>
        <option name="fixed"/>
      </options>
    </field>
    <field name="creditcardnumber" type="string" column="creditcardnumber" length="200" nullable="true">
      <options>
        <option name="fixed"/>
      </options>
    </field>
    <field name="creditcardverification" type="string" column="creditcardverification" length="200" nullable="true">
      <options>
        <option name="fixed"/>
      </options>
    </field>
    <field name="creditcardtype" type="string" column="creditcardtype" length="200" nullable="true">
      <options>
        <option name="fixed"/>
      </options>
    </field>
    <field name="creditcardexp" type="string" column="creditcardexp" length="200" nullable="true">
      <options>
        <option name="fixed"/>
      </options>
    </field>
    <field name="notes" type="string" column="notes" length="200" nullable="true">
      <options>
        <option name="fixed"/>
      </options>
    </field>
    <field name="changeuserbillinfo" type="string" column="changeuserbillinfo" length="128" nullable="true">
      <options>
        <option name="fixed"/>
      </options>
    </field>
    <field name="lead" type="string" column="lead" length="200" nullable="true">
      <options>
        <option name="fixed"/>
      </options>
    </field>
    <field name="coupon" type="string" column="coupon" length="200" nullable="true">
      <options>
        <option name="fixed"/>
      </options>
    </field>
    <field name="ordertaker" type="string" column="ordertaker" length="200" nullable="true">
      <options>
        <option name="fixed"/>
      </options>
    </field>
    <field name="billstatus" type="string" column="billstatus" length="200" nullable="true">
      <options>
        <option name="fixed"/>
      </options>
    </field>
    <field name="lastbill" type="date" column="lastbill" nullable="false">
      <options>
        <option name="default">1999-10-10 10:10:10</option>
      </options>
    </field>
    <field name="nextbill" type="date" column="nextbill" nullable="false">
      <options>
        <option name="default">1999-10-10 10:10:10</option>
      </options>
    </field>
    <field name="nextinvoicedue" type="integer" column="nextinvoicedue" nullable="true">
      <options>
        <option name="unsigned"/>
      </options>
    </field>
    <field name="billdue" type="integer" column="billdue" nullable="true">
      <options>
        <option name="unsigned"/>
      </options>
    </field>
    <field name="postalinvoice" type="string" column="postalinvoice" length="8" nullable="true">
      <options>
        <option name="fixed"/>
      </options>
    </field>
    <field name="faxinvoice" type="string" column="faxinvoice" length="8" nullable="true">
      <options>
        <option name="fixed"/>
      </options>
    </field>
    <field name="emailinvoice" type="string" column="emailinvoice" length="8" nullable="true">
      <options>
        <option name="fixed"/>
      </options>
    </field>
    <field name="batchId" type="integer" column="batch_id" nullable="true">
      <options>
        <option name="unsigned"/>
      </options>
    </field>
    <field name="creationdate" type="datetime" column="creationdate" nullable="true">
      <options>
        <option name="default">1999-10-10 10:10:10</option>
      </options>
    </field>
    <field name="creationby" type="string" column="creationby" length="128" nullable="true">
      <options>
        <option name="fixed"/>
      </options>
    </field>
    <field name="updatedate" type="datetime" column="updatedate" nullable="true">
      <options>
        <option name="default">1999-10-10 10:10:10</option>
      </options>
    </field>
    <field name="updateby" type="string" column="updateby" length="128" nullable="true">
      <options>
        <option name="fixed"/>
      </options>
    </field>
  </entity>
</doctrine-mapping>
