<?xml version="1.0" encoding="utf-8"?>
<doctrine-mapping xmlns="http://doctrine-project.org/schemas/orm/doctrine-mapping" xmlns:xsi="http://www.w3.org/2001/XMLSchema-instance" xsi:schemaLocation="http://doctrine-project.org/schemas/orm/doctrine-mapping http://doctrine-project.org/schemas/orm/doctrine-mapping.xsd">
  <entity name="LUCIE\RadiusBundle\Entity\Wimax" table="wimax">
    <indexes>
      <index name="username" columns="username"/>
      <index name="spi" columns="spi"/>
    </indexes>
    <id name="id" type="integer" column="id">
      <generator strategy="IDENTITY"/>
    </id>
    <field name="username" type="string" column="username" length="64" nullable="false">
      <options>
        <option name="fixed"/>
        <option name="default"/>
      </options>
    </field>
    <field name="authdate" type="datetime" column="authdate" nullable="false">
      <options>
        <option name="default">CURRENT_TIMESTAMP</option>
      </options>
    </field>
    <field name="spi" type="string" column="spi" length="16" nullable="false">
      <options>
        <option name="fixed"/>
        <option name="default"/>
      </options>
    </field>
    <field name="mipkey" type="string" column="mipkey" length="400" nullable="false">
      <options>
        <option name="fixed"/>
        <option name="default"/>
      </options>
    </field>
    <field name="lifetime" type="integer" column="lifetime" nullable="true">
      <options>
        <option name="unsigned"/>
      </options>
    </field>
  </entity>
</doctrine-mapping>
